fips,county_name,state,n_single_family_homes,latitude,longitude
12001,Alachua,FL,63439,29.63369,-82.35465645424847
12003,Baker,FL,5867,30.25575188797245,-82.25444610657624
12005,Bay,FL,53591,30.1625826336642,-85.59289355865783
12007,Bradford,FL,6614,29.9398525,-82.20602040811454
12009,Brevard,FL,190289,28.257237,-80.73511500877433
12011,Broward,FL,349394,26.1501733849401,-80.48608229101787
12013,Calhoun,FL,3393,30.3971515,-85.19979633127667
12015,Charlotte,FL,75366,26.86728629322155,-81.94461669406584
12017,Citrus,FL,57817,28.877882,-82.47550163464915
12019,Clay,FL,62562,29.8980965,-81.8202032450813
12021,Collier,FL,97169,26.2026575,-81.34918677336358
12023,Columbia,FL,15447,30.2348785,-82.62654586611535
12027,DeSoto,FL,7971,27.120801999999998,-81.81001409286573
12029,Dixie,FL,4105,29.554448,-83.17800448852321
12031,Duval,FL,262447,30.3777355,-81.65965765557263
12033,Escambia,FL,99764,30.634241000000003,-87.33095700573409
12035,Flagler,FL,45546,29.463622825226,-81.31213935164362
12037,Franklin,FL,5868,29.795175,-84.82340494512769
12039,Gadsden,FL,12220,30.5532805,-84.6333558789728
12041,Gilchrist,FL,3717,29.670007,-82.80474362101586
12043,Glades,FL,2821,26.9956965,-81.22369248454454
12045,Gulf,FL,6000,29.946174,-85.21055271521931
12047,Hamilton,FL,2800,30.501175500000002,-82.96833130907062
12049,Hardee,FL,6076,27.4935115,-81.80942165584787
12051,Hendry,FL,8457,26.643084,-81.22386521136099
12053,Hernando,FL,66514,28.546710500000003,-82.39873357169705
12055,Highlands,FL,35337,27.288473500000002,-81.28286699923812
12057,Hillsborough,FL,344825,27.882231,-82.31400247160681
12059,Holmes,FL,4924,30.9024955,-85.80020785364815
12061,Indian River,FL,54808,27.69162,-80.62072808022126
12063,Jackson,FL,13197,30.778769500000003,-85.17580081092683
12065,Jefferson,FL,3669,30.399728,-83.91990645684882
12067,Lafayette,FL,1872,30.0514365,-83.2155336602053
12069,Lake,FL,119759,28.8005265,-81.68563552997557
12071,Lee,FL,230084,26.5386755,-81.8882146813036
12073,Leon,FL,66238,30.498158500000002,-84.22460380541503
12075,Levy,FL,10438,29.319210871727,-82.75878937539521
12077,Liberty,FL,1790,30.256227,-84.88666061339441
12079,Madison,FL,4559,30.4709615,-83.48150858173216
12081,Manatee,FL,112346,27.4564175,-82.37409956515044
12083,Marion,FL,119879,29.2461945,-82.02255350416479
12085,Martin,FL,44981,27.046076499999998,-80.44343354670161
12086,Miami-Dade,FL,427680,25.5672265,-80.59285625325519
12087,Monroe,FL,30274,24.7145915,-81.45391064142899
12089,Nassau,FL,27481,30.544476,-81.87595996847023
12091,Okaloosa,FL,63599,30.695413607637597,-86.59270015221784
12093,Okeechobee,FL,9568,27.288473500000002,-80.84053274492126
12095,Orange,FL,310092,28.5462805,-81.29354866804016
12097,Osceola,FL,92514,27.9671205,-81.1166975821536
12099,Palm Beach,FL,321828,26.6704385,-80.45956059636379
12101,Pasco,FL,164445,28.3462724286967,-82.38988383644946
12103,Pinellas,FL,248184,27.8851505,-82.70815772607908
12105,Polk,FL,197016,27.9671205,-81.71083801189907
12107,Putnam,FL,17891,29.6117865,-81.78774242936052
12109,St. Johns,FL,87129,29.9195615,-81.4379713981429
12111,St. Lucie,FL,105617,27.4105315123038,-80.46820097835388
12113,Santa Rosa,FL,61653,30.661484,-87.02871717043415
12115,Sarasota,FL,145813,27.1203945,-82.26131426615302
12117,Seminole,FL,120331,28.7316325,-81.24966942668641
12119,Sumter,FL,62522,28.614126,-82.09880697214416
12121,Suwannee,FL,8402,30.186995500000002,-83.01539264279108
12123,Taylor,FL,6133,29.978790500000002,-83.58768456035877
12125,Union,FL,2303,30.0690375,-82.35824137162241
12127,Volusia,FL,177760,29.0410885,-81.16149276359441
12129,Wakulla,FL,8969,30.2009125,-84.3821623535486
12131,Walton,FL,32280,30.5632805,-86.14114179314592
12133,Washington,FL,6304,30.602000500000003,-85.66830771224983
13001,Appling,GA,4967,31.6039825,-82.2431488495517
13003,Atkinson,GA,1714,31.321016999999998,-82.84830174208861
13005,Bacon,GA,2769,31.6154205,-82.490832634297
13007,Baker,GA,1033,31.282154,-84.49584349648408
13009,Baldwin,GA,11510,33.065273000000005,-83.24818322914086
13011,Banks,GA,5344,34.345414000000005,-83.52476287042336
13013,Barrow,GA,25437,33.98969700000001,-83.6953928488537
13015,Bartow,GA,32924,34.221762,-84.84582404804397
13017,Ben Hill,GA,4898,31.7185935,-83.1613474335901
13019,Berrien,GA,4959,31.25981,-83.19292123630564
13021,Bibb,GA,46950,32.793158,-83.7058979006273
13023,Bleckley,GA,3451,32.437633500000004,-83.34446362477144
13025,Brantley,GA,3607,31.186529,-82.00415046194902
13027,Brooks,GA,4449,30.883944999999997,-83.56660239873352
13029,Bryan,GA,12409,31.976537999999998,-81.44118286642964
13031,Bulloch,GA,18036,32.404495,-81.72941045147702
13033,Burke,GA,6266,33.053613477072204,-81.92595832872283
13035,Butts,GA,7546,33.3332345,-83.9457780032894
13037,Calhoun,GA,1322,31.531357,-84.6283001685558
13039,Camden,GA,15066,30.942960499999998,-81.65641449450051
13043,Candler,GA,2665,32.383454,-82.08204681012467
13045,Carroll,GA,33841,33.613085999999996,-85.1176682417888
13047,Catoosa,GA,20378,34.91976432237085,-85.13882556085682
13049,Charlton,GA,2730,30.703108999999998,-82.10774586244223
13051,Chatham,GA,83956,31.9177825,-81.0724244493957
13053,Chattahoochee,GA,1194,32.3998155383409,-84.76634127500839
13055,Chattooga,GA,7455,34.509004000000004,-85.32778182335068
13057,Cherokee,GA,81623,34.270543,-84.45362911645849
13059,Clarke,GA,27001,33.948555999999996,-83.38594534209025
13061,Clay,GA,987,31.646268,-85.00907511115673
13063,Clayton,GA,73798,33.505268,-84.35157803355814
13065,Clinch,GA,1993,30.916279000000003,-82.73174318599465
13067,Cobb,GA,203814,33.9484865,-84.57108042094544
13069,Coffee,GA,9957,31.584770499999998,-82.84868683281275
13071,Colquitt,GA,11545,31.1595725,-83.76787169284292
13073,Columbia,GA,46866,33.4497845,-82.26239728656913
13075,Cook,GA,4583,31.151967,-83.43177431166234
13077,Coweta,GA,47172,33.368305500000005,-84.78354355409635
13079,Crawford,GA,2696,32.6875335,-83.9642311126986
13081,Crisp,GA,6364,31.8875855,-83.77065032376234
13083,Dade,GA,5545,34.795459,-85.50927478468036
13085,Dawson,GA,10058,34.503519,-84.23895907841808
13087,Decatur,GA,8896,30.935339499999998,-84.56848692751444
13089,DeKalb,GA,183182,33.7787165,-84.2045130217524
13091,Dodge,GA,5225,32.1660495,-83.14821810946765
13093,Dooly,GA,3046,32.1621215,-83.82162797536242
13095,Dougherty,GA,24650,31.502630500000002,-84.21512792805203
13097,Douglas,GA,41603,33.701458,-84.76026881324611
13099,Early,GA,3366,31.313571500000002,-84.86083385077774
13101,Echols,GA,633,30.7143205,-82.90219323329748
13103,Effingham,GA,17698,32.364187,-81.33289622718235
13105,Elbert,GA,6261,34.1147385,-82.86225471570486
13107,Emanuel,GA,5771,32.569610499999996,-82.30269957111796
13109,Evans,GA,2861,32.171027,-81.89344828068812
13111,Fannin,GA,14636,34.702051499999996,-84.19941167580565
13113,Fayette,GA,37966,33.381067,-84.48697092861987
13115,Floyd,GA,29155,34.31665149425275,-85.19708785148592
13117,Forsyth,GA,74917,34.190825000000004,-84.1290295145684
13119,Franklin,GA,6787,34.370436999999995,-83.24778081988983
13121,Fulton,GA,230894,33.8684345,-84.39984714154899
13123,Gilmer,GA,13816,34.6734145,-84.44620908825908
13125,Glascock,GA,902,33.213904,-82.63489217096405
13127,Glynn,GA,27528,31.250386032372752,-81.52088648110615
13129,Gordon,GA,17040,34.4978885,-84.87023671016453
13131,Grady,GA,7218,30.80068259852295,-84.22960481951603
13133,Greene,GA,7757,33.5568045,-83.15510906911817
13135,Gwinnett,GA,237146,33.973479,-84.05272446298244
13137,Habersham,GA,13086,34.6007155,-83.52058009557152
13139,Hall,GA,56986,34.3266045,-83.79959881947943
13141,Hancock,GA,2585,33.2846675,-82.98325873227749
13143,Haralson,GA,9457,33.805349500000005,-85.20585000444143
13145,Harris,GA,12788,32.66920873757855,-84.89145972720246
13147,Hart,GA,8929,34.35221990912735,-82.95596994043649
13149,Heard,GA,2975,33.3250995,-85.12581144801945
13151,Henry,GA,71702,33.464988000000005,-84.11541819478091
13153,Houston,GA,49790,32.49105350000001,-83.6464124568464
13155,Irwin,GA,2782,31.6327075,-83.26117754532513
13157,Jackson,GA,22926,34.162496000000004,-83.57967061669699
13159,Jasper,GA,5117,33.280632,-83.68800573744515
13161,Jeff Davis,GA,3825,31.8270735,-82.67094549040146
13163,Jefferson,GA,4381,33.04742,-82.44865802054815
13165,Jenkins,GA,2936,32.742934000000005,-81.97737635794262
13167,Johnson,GA,2130,32.673285,-82.6493262014659
13169,Jones,GA,7783,32.979403500000004,-83.5421128993047
13171,Lamar,GA,5656,33.108975,-84.14715766723614
13173,Lanier,GA,2616,30.9877665,-83.08001025577803
13175,Laurens,GA,13629,32.4208285,-82.91834314421746
13177,Lee,GA,10159,31.720728,-84.1524739122325
13179,Liberty,GA,15050,31.7901755,-81.49340643967611
13181,Lincoln,GA,3022,33.7602345,-82.41410442849258
13183,Long,GA,3542,31.7800145,-81.81232198336855
13185,Lowndes,GA,34158,30.8333075,-83.25276976941825
13187,Lumpkin,GA,9392,34.5709365,-84.0259173952023
13189,McDuffie,GA,6039,33.4525865,-82.47666214385183
13191,McIntosh,GA,4098,31.504036,-81.41609036364036
13193,Macon,GA,3294,32.3341045,-84.05374585393037
13195,Madison,GA,7925,34.1434535,-83.22420071710403
13197,Marion,GA,1812,32.323449,-84.53163552704805
13199,Meriwether,GA,6634,32.975414,-84.69695268352382
13201,Miller,GA,2010,31.1674805,-84.72985599160033
13205,Mitchell,GA,5853,31.252242,-84.18662161678262
13207,Monroe,GA,8602,32.992729,-83.88466977370064
13209,Montgomery,GA,2113,32.1535795,-82.53890598216847
13211,Morgan,GA,6372,33.703037,-83.50592214325124
13213,Murray,GA,9735,34.830839,-84.73652751577254
13215,Muscogee,GA,59984,32.4833555,-84.85683862069692
13217,Newton,GA,37062,33.5590935,-83.84206703304815
13219,Oconee,GA,13468,33.834450000000004,-83.4192611876909
13221,Oglethorpe,GA,4341,33.857937,-83.09966208086271
13223,Paulding,GA,54253,33.881667500000006,-84.88587532106486
13225,Peach,GA,8224,32.580676999999994,-83.82541403414248
13227,Pickens,GA,12031,34.508176000000006,-84.49235062797692
13229,Pierce,GA,5329,31.332432,-82.2073212384737
13231,Pike,GA,5958,33.111598,-84.38248095318602
13233,Polk,GA,13254,34.015884,-85.17988364373072
13235,Pulaski,GA,2511,32.225657,-83.46589825516159
13237,Putnam,GA,7923,33.3325375,-83.34674061256324
13239,Quitman,GA,838,31.881863000000003,-85.0139776326392
13241,Rabun,GA,9780,34.85089,-83.44762673868183
13243,Randolph,GA,1981,31.7259575,-84.76220932479012
13245,Richmond,GA,54510,33.403239,-82.07795119164632
13247,Rockdale,GA,26695,33.697731000000005,-83.991734927513
13249,Schley,GA,1218,32.263653000000005,-84.32302389340312
13251,Screven,GA,3762,32.752175,-81.62199059826281
13253,Seminole,GA,3133,30.927871000000003,-84.8656394243391
13255,Spalding,GA,22112,33.271534,-84.25974746631209
13257,Stephens,GA,8518,34.5628144548827,-83.27433166197417
13259,Stewart,GA,1170,32.099137041811005,-84.84707629866523
13261,Sumter,GA,8368,32.097519000000005,-84.2162503153221
13263,Talbot,GA,1958,32.652296,-84.52880541296469
13265,Taliaferro,GA,595,33.590087499999996,-82.84709395806667
13267,Tattnall,GA,5432,32.06595,-82.06673766103769
13269,Taylor,GA,2246,32.5481295,-84.2372112202521
13271,Telfair,GA,3326,31.962159500000002,-82.9124004688037
13273,Terrell,GA,3177,31.809523499999997,-84.4376406385908
13275,Thomas,GA,13695,30.794240698983998,-83.91043728783158
13277,Tift,GA,10466,31.4494865,-83.5129361207798
13279,Toombs,GA,7126,32.067543,-82.33421144528063
13281,Towns,GA,6365,34.891603,-83.72467070821877
13283,Treutlen,GA,1904,32.397166999999996,-82.55340051194119
13285,Troup,GA,21705,33.001019514125346,-85.03674396491931
13287,Turner,GA,2475,31.750906,-83.62846520724882
13289,Twiggs,GA,2545,32.702893,-83.44733224239775
13291,Union,GA,11586,34.844153500000004,-83.94683633066475
13293,Upson,GA,8918,32.841361500000005,-84.2904818932872
13295,Walker,GA,22502,34.8033785,-85.32623656774507
13297,Walton,GA,30404,33.7015215,-83.7174067437387
13299,Ware,GA,10177,31.0160385,-82.36239050894937
13301,Warren,GA,1621,33.447113,-82.71543803745557
13303,Washington,GA,5260,33.002477999999996,-82.79665992065691
13305,Wayne,GA,7502,31.563366000000002,-81.91234687962944
13307,Webster,GA,555,32.027183,-84.54400866745915
13309,Wheeler,GA,1430,32.10758250000001,-82.76050554661973
13311,White,GA,10186,34.640159499999996,-83.76374802122778
13313,Whitfield,GA,25366,34.799544,-84.97993738123127
13315,Wilcox,GA,2186,32.006222,-83.45138464440319
13317,Wilkes,GA,3372,33.804016000000004,-82.7740214566648
13319,Wilkinson,GA,2781,32.799296999999996,-83.15537922938182
13321,Worth,GA,5216,31.5950025,-83.83925538704025
37001,Alamance,NC,48863,36.0763135,-79.39992512824165
37003,Alexander,NC,11322,35.908071,-81.1798669605887
37005,Alleghany,NC,6089,36.507612593584,-81.12588393020397
37007,Anson,NC,7039,34.967658,-80.08322991369378
37009,Ashe,NC,12619,36.440627,-81.49537821747424
37011,Avery,NC,9442,36.086652,-81.92147011866162
37013,Beaufort,NC,15502,35.495495,-76.88138323223573
37015,Bertie,NC,6191,36.018135,-76.94674362503598
37017,Bladen,NC,9890,34.6137585,-78.55840773826948
37019,Brunswick,NC,61561,34.103351,-78.22978646011838
37021,Buncombe,NC,82972,35.646271999999996,-82.57421707277484
37023,Burke,NC,27496,35.7809795,-81.75638907624504
37025,Cabarrus,NC,67743,35.297523999999996,-80.54565448239033
37027,Caldwell,NC,26569,35.942620000000005,-81.56226985267956
37029,Camden,NC,3376,36.3279,-76.114512493358
37031,Carteret,NC,30996,34.9033875,-76.4568776027873
37033,Caswell,NC,7711,36.39521060253535,-79.33437116425691
37035,Catawba,NC,47918,35.689978499999995,-81.20348971393788
37037,Chatham,NC,25908,35.735733499999995,-79.24927136483032
37039,Cherokee,NC,13669,35.146952999999996,-84.04647601328259
37041,Chowan,NC,4714,36.1947225,-76.65325924126586
37043,Clay,NC,5792,35.064414980643406,-83.74424312254719
37045,Cleveland,NC,30317,35.388557500000005,-81.56113644003194
37047,Columbus,NC,14517,34.210599,-78.64021973167915
37049,Craven,NC,32041,35.1000945,-77.08383946952071
37051,Cumberland,NC,91412,35.0353265,-78.86464595406682
37053,Currituck,NC,13732,36.3216745,-75.8979589962377
37055,Dare,NC,27195,35.6987335,-75.75629822712924
37057,Davidson,NC,55884,35.787996,-80.2634430143319
37059,Davie,NC,14123,35.9292545,-80.5421772061218
37061,Duplin,NC,13980,34.9853155,-77.92583954211987
37063,Durham,NC,80800,36.041140999999996,-78.85525710270532
37065,Edgecombe,NC,14572,35.955114,-77.58042229926349
37067,Forsyth,NC,112579,36.124552,-80.25590341394576
37069,Franklin,NC,20947,36.051336,-78.3251529031086
37071,Gaston,NC,72969,35.279189,-81.1676595892785
37073,Gates,NC,2743,36.441396,-76.71010725305601
37075,Graham,NC,3590,35.32024338824695,-83.84565888743153
37077,Granville,NC,17669,36.345301,-78.65283390218022
37079,Greene,NC,4199,35.472314999999995,-77.6574699375872
37081,Guilford,NC,145654,36.086019,-79.78890311468857
37083,Halifax,NC,15700,36.258406,-77.69384765038487
37085,Harnett,NC,37354,35.41559,-78.83667406805088
37087,Haywood,NC,25816,35.533495,-82.97633725398579
37089,Henderson,NC,39357,35.348453,-82.47861371117335
37091,Hertford,NC,6498,36.3883065,-77.0087340913762
37093,Hoke,NC,14640,34.998177,-79.23434282343379
37095,Hyde,NC,2020,35.4269025,-76.17751890485656
37097,Iredell,NC,57469,35.745768,-80.91646168278962
37099,Jackson,NC,18987,35.265381500000004,-83.11546808316939
37101,Johnston,NC,63522,35.5523605,-78.37461754563462
37103,Jones,NC,2933,35.038373500000006,-77.38926915347056
37105,Lee,NC,18231,35.411522000000005,-79.19807400794376
37107,Lenoir,NC,16123,35.203415500000006,-77.67400238657038
37109,Lincoln,NC,27779,35.47467,-81.21266882745607
37111,McDowell,NC,13824,35.7711185,-82.05387443587273
37113,Macon,NC,20510,35.1941745,-83.46999119597302
37115,Madison,NC,7723,35.84639,-82.67940149454009
37117,Martin,NC,7509,35.8738985,-77.19318038274163
37119,Mecklenburg,NC,271097,35.273299,-80.82436485065816
37121,Mitchell,NC,6353,35.973689,-82.1135384627739
37123,Montgomery,NC,10080,35.313722,-79.89600171995863
37125,Moore,NC,35693,35.287647,-79.45703761157009
37127,Nash,NC,28810,35.985751,-77.96153172733122
37129,New Hanover,NC,70557,34.1985545,-77.87010444378024
37131,Northampton,NC,7280,36.376737,-77.36470480090145
37133,Onslow,NC,53570,34.6959175,-77.39115919505133
37135,Orange,NC,36796,36.074251000000004,-79.12129812376004
37137,Pamlico,NC,5112,35.1782015,-76.6570337536926
37139,Pasquotank,NC,11947,36.2811325,-76.28006436746483
37141,Pender,NC,20971,34.4926105,-77.90461889745268
37143,Perquimans,NC,4794,36.16648,-76.40709491044495
37145,Person,NC,13638,36.344471,-78.97438057768113
37147,Pitt,NC,39267,35.603325999999996,-77.39239426045597
37149,Polk,NC,8350,35.321324000000004,-82.17911241742706
37151,Randolph,NC,41987,35.707445,-79.80294867338422
37153,Richmond,NC,13271,35.013760000000005,-79.69908202632354
37155,Robeson,NC,25333,34.55740433929575,-79.111260912966
37157,Rockingham,NC,30825,36.398966102535354,-79.77689441595396
37159,Rowan,NC,44308,35.701798,-80.5473421426122
37161,Rutherford,NC,23463,35.4006365,-81.92250145093465
37163,Sampson,NC,15230,34.9475985,-78.37395383401608
37165,Scotland,NC,8238,34.835367,-79.47900603304166
37167,Stanly,NC,22565,35.313355,-80.24868209467053
37169,Stokes,NC,15056,36.4020051928071,-80.23873312559837
37171,Surry,NC,21953,36.3642335,-80.68286001556191
37173,Swain,NC,5853,35.49399,-83.59104413468218
37175,Transylvania,NC,14238,35.21925617392375,-82.77307768407114
37177,Tyrrell,NC,1169,35.8237975,-76.19699805916645
37179,Union,NC,73391,35.017910971316155,-80.55135193694034
37181,Vance,NC,12059,36.38047,-78.39957536339443
37183,Wake,NC,274981,35.779742999999996,-78.63200920311843
37185,Warren,NC,6829,36.344289,-78.108358793813
37187,Washington,NC,4197,35.8879835,-76.5572750742295
37189,Watauga,NC,21020,36.256226,-81.7181186513422
37191,Wayne,NC,31782,35.393282,-77.9848169809825
37193,Wilkes,NC,21572,36.2203455,-81.17021704429061
37195,Wilson,NC,23260,35.701879,-77.93446219719
37197,Yadkin,NC,12035,36.178972,-80.65576994919485
37199,Yancey,NC,8261,35.8663965,-82.301018128832
45001,Abbeville,SC,7650,34.2815905,-82.46170092515095
45003,Aiken,SC,53580,33.591013898862855,-81.59772214832486
45005,Allendale,SC,2747,32.9794175,-81.33380899489791
45007,Anderson,SC,63875,34.5230145,-82.65889389215363
45009,Bamberg,SC,4725,33.207636,-81.02448659815236
45011,Barnwell,SC,6019,33.318632944148646,-81.41306061243264
45013,Beaufort,SC,63327,32.3935145,-80.6485628140876
45015,Berkeley,SC,61349,33.1650675,-79.90777004164578
45017,Calhoun,SC,4278,33.675521,-80.78882158210308
45019,Charleston,SC,118647,32.854432,-80.04900605336357
45021,Cherokee,SC,15456,34.991904500000004,-81.63683926978047
45023,Chester,SC,10548,34.664718,-81.15819023953614
45025,Chesterfield,SC,11665,34.572708500000005,-80.09309031120961
45027,Clarendon,SC,9032,33.679088,-80.25243036829491
45029,Colleton,SC,10116,32.786266,-80.65269274823342
45031,Darlington,SC,18527,34.314822500000005,-79.9110968203063
45033,Dillon,SC,7382,34.46059049850435,-79.40131088084028
45035,Dorchester,SC,43665,33.1057715,-80.46770259859503
45037,Edgefield,SC,7233,33.7693115,-81.9314607887415
45039,Fairfield,SC,7498,34.3229355,-81.07920271737814
45041,Florence,SC,38877,34.0400855,-79.75128893262863
45043,Georgetown,SC,21958,33.443768,-79.34710575476375
45045,Greenville,SC,153646,34.8347215,-82.34902004823215
45047,Greenwood,SC,20768,34.177954,-82.09078907891403
45049,Hampton,SC,4755,32.800544,-81.09262844955879
45051,Horry,SC,105667,33.92089,-78.96059418574339
45053,Jasper,SC,7298,32.3731415,-81.02058742502544
45055,Kershaw,SC,20879,34.333734500000006,-80.55648031499435
45057,Lancaster,SC,31392,34.741946999999996,-80.686385516206
45059,Laurens,SC,19429,34.5089935,-81.96998089750647
45061,Lee,SC,4655,34.137122500000004,-80.3026157836342
45063,Lexington,SC,89593,33.938848,-81.28648675047432
45065,McCormick,SC,3925,33.8484655,-82.25527998770596
45067,Marion,SC,7915,34.013099499999996,-79.41510847047724
45069,Marlboro,SC,7693,34.572708500000005,-79.64059474865697
45071,Newberry,SC,12622,34.332792999999995,-81.60235783539312
45073,Oconee,SC,27409,34.774664,-83.11145557234174
45075,Orangeburg,SC,23511,33.389106,-80.67372313106893
45077,Pickens,SC,35553,34.877024,-82.70224887053206
45079,Richland,SC,117174,34.02747,-80.85282294608488
45081,Saluda,SC,6027,34.036826500000004,-81.72364722889571
45083,Spartanburg,SC,100700,34.881652,-81.98395200557277
45085,Sumter,SC,31101,33.902341,-80.3457165992647
45087,Union,SC,9273,34.6833135,-81.63936171326247
45089,Williamsburg,SC,7485,33.630796000000004,-79.72417930063219
45091,York,SC,78495,34.992998,-81.18541620294809
